id,name,age
1,Ahmed Harg,33
2,Britta Gravells,60
3,Garner Tewkesberrie,32
4,Timmy Dodamead,51
5,Susie Gioani,31
6,Katusha Rayment,39
7,Kyle Itzkovwich,31
8,Lawrence Crowcroft,47
9,Andre Foston,35
10,Osmund Fishe,30
11,Nikolos Giraldo,54
12,Christalle Anfonsi,51
13,Ranice Keyhoe,59
14,Deni Rosenhaus,56
15,Christabel Buxey,44
16,Dallon Fishleigh,54
17,Eydie D'Enrico,48
18,Gretta Bolin,45
19,Emmey Miklem,31
20,Neysa Rusbridge,45
21,Kevina Briggs,50
22,Uriah Budgett,33
23,Torrance Sarton,36
24,Clyde Douglas,38
25,Agace Landman,30
26,Ossie Brothwood,59
27,Janel Esposi,45
28,Ciel Lavelle,30
29,Belinda Starie,34
30,Benny Emerine,39
31,Gallagher Tofanelli,32
32,Rozina Gregol,56
33,Mab Bencher,56
34,Mohammed Edensor,49
35,Gilligan Baurerich,59
36,Dixie Guinn,39
37,Arron Billing,50
38,Meryl Southcoat,37
39,Hansiain Lilion,57
40,Gertrudis Wiburn,54
41,Mersey Gwynne,40
42,Ines McLeese,57
43,Joycelin Tume,33
44,Rhona Ferrarello,37
45,Burgess Plitz,41
46,Tadio Prowting,41
47,Romona June,44
48,Duke Graeber,45
49,Agnella Dowry,41
50,Maryjo Mattiato,51
